City_ID,City,Country,Lat,Lng,Max Temp,Humidity,Cloudiness,Wind Speed,Current Description
0,Thompson,CA,55.7435,-97.8558,50.16,62,40,10.36,scattered clouds
1,Pochutla,MX,15.7432,-96.4661,85.82,65,91,5.48,overcast clouds
2,Saint-Philippe,RE,-21.3585,55.7679,67.55,80,98,13.38,light rain
3,Valle Hermoso,MX,25.6667,-97.8333,95.14,57,2,17.54,clear sky
4,Mataura,NZ,-46.1927,168.8643,49.62,87,99,3.8,moderate rain
5,Khatanga,RU,71.9667,102.5,31.05,98,93,0.92,overcast clouds
6,Gold Coast,AU,-28.0,153.4333,71.67,60,73,14.97,broken clouds
7,Vostok,RU,46.4856,135.8833,46.96,97,100,2.98,heavy intensity rain
8,Rockland,US,41.1668,-74.0496,70.65,66,30,6.08,scattered clouds
9,Kapaa,US,22.0752,-159.319,85.98,65,75,17.27,light rain
10,East London,ZA,-33.0153,27.9116,57.52,51,45,24.09,scattered clouds
11,Cognac,FR,45.5,-0.25,60.4,82,90,4.61,overcast clouds
12,Cap Malheureux,MU,-19.9842,57.6142,68.49,72,8,20.76,clear sky
13,Lompoc,US,34.6391,-120.4579,91.54,58,1,12.66,clear sky
14,Dilla,ET,6.41,38.31,62.53,89,92,4.09,overcast clouds
15,Kruisfontein,ZA,-34.0033,24.7314,55.54,58,82,18.9,broken clouds
16,Barrow,US,71.2906,-156.7887,33.82,64,75,11.5,light rain
17,Chuy,UY,-33.6971,-53.4616,58.64,94,86,14.9,overcast clouds
18,Riyadh,SA,24.6877,46.7219,78.94,17,0,8.23,clear sky
19,Ushuaia,AR,-54.8,-68.3,42.46,87,90,9.22,light intensity drizzle
20,Arraial Do Cabo,BR,-22.9661,-42.0278,71.37,88,15,27.67,few clouds
21,Busselton,AU,-33.65,115.3333,51.51,64,0,9.42,clear sky
22,Butaritari,KI,3.0707,172.7902,82.98,71,86,15.03,overcast clouds
23,Hasan Abdal,PK,30.4333,72.7,85.62,59,65,6.71,broken clouds
24,Salinopolis,BR,-0.6136,-47.3561,81.09,75,77,11.52,broken clouds
25,Sao Miguel Do Araguaia,BR,-13.275,-50.1628,88.88,12,6,3.0,clear sky
26,Komsomolskiy,UZ,40.4272,71.7189,62.83,27,0,1.92,clear sky
27,Dikson,RU,73.5069,80.5464,35.44,75,100,8.43,overcast clouds
28,Lebu,CL,-37.6167,-73.65,50.38,84,0,21.21,clear sky
29,Hakodate,JP,41.7758,140.7367,70.11,83,75,19.57,broken clouds
30,Nouakchott,MR,18.0858,-15.9785,89.53,68,5,22.39,clear sky
31,El Sauce,NI,12.8869,-86.539,82.6,80,78,3.11,broken clouds
32,Holoby,UA,51.0865,25.0077,41.43,91,100,13.04,overcast clouds
33,Bengkulu,ID,-3.8004,102.2655,76.03,88,96,2.35,overcast clouds
34,Carbonia,IT,39.1672,8.5222,65.05,81,1,6.13,clear sky
35,Gua Musang,MY,4.8823,101.9644,71.19,97,72,1.52,broken clouds
36,Fort-Shevchenko,KZ,44.5086,50.263,68.13,55,92,13.8,overcast clouds
37,Nikolskoye,RU,59.7035,30.7861,42.69,74,97,7.25,light rain
38,Faanui,PF,-16.4833,-151.75,78.4,73,25,12.01,scattered clouds
39,Talnakh,RU,69.4865,88.3972,31.41,85,87,4.21,overcast clouds
40,Lorengau,PG,-2.0226,147.2712,80.78,79,100,1.7,overcast clouds
41,Luderitz,NA,-26.6481,15.1594,59.74,60,0,17.07,clear sky
42,Sambava,MG,-14.2667,50.1667,71.1,74,87,11.39,overcast clouds
43,Dubuque,US,42.4833,-90.8668,82.22,61,20,21.85,few clouds
44,New Norfolk,AU,-42.7826,147.0587,49.5,71,73,6.42,light rain
45,Machico,PT,32.7,-16.7667,72.68,64,40,20.71,scattered clouds
46,Codrington,AU,-38.2667,141.9667,51.15,61,92,17.36,overcast clouds
47,Posadas,AR,-27.3671,-55.8961,80.58,78,0,14.97,clear sky
48,Rikitea,PF,-23.1203,-134.9692,74.01,77,6,13.53,clear sky
49,Hobart,AU,-42.8794,147.3294,49.86,50,40,11.5,scattered clouds
50,Tilichiki,RU,60.4667,166.1,46.71,87,100,9.46,light rain
51,Dunedin,NZ,-45.8742,170.5036,55.83,64,100,9.19,overcast clouds
52,Verkhnechusovskiye Gorodki,RU,58.1671,57.1086,38.95,96,52,2.98,broken clouds
53,Pangody,RU,65.85,74.4859,35.02,97,100,12.97,light rain
54,Bontang,ID,0.1333,117.5,76.48,87,85,3.71,moderate rain
55,Sobolevo,RU,54.4299,31.8996,43.25,97,100,10.69,light rain
56,Chokwe,MZ,-24.5333,32.9833,70.83,46,9,10.25,clear sky
57,Carnarvon,AU,-24.8667,113.6333,68.97,38,0,16.15,clear sky
58,Albany,US,42.6001,-73.9662,69.75,78,34,4.41,scattered clouds
59,Kindu,CD,-2.95,25.95,72.43,85,97,2.62,overcast clouds
60,Saskylakh,RU,71.9167,114.0833,31.08,96,100,5.21,overcast clouds
61,Hermanus,ZA,-34.4187,19.2345,52.02,66,9,5.86,clear sky
62,Usinsk,RU,65.9939,57.5281,35.31,89,100,12.17,overcast clouds
63,Vaini,TO,-21.2,-175.2,69.96,94,75,11.5,light intensity drizzle
64,Puerto Ayora,EC,-0.7393,-90.3518,68.61,82,89,10.6,overcast clouds
65,Turan,VN,16.0678,108.2208,77.05,94,75,1.14,broken clouds
66,Khandbari,NP,27.3747,87.2039,68.0,89,10,2.77,clear sky
67,Geraldton,AU,-28.7667,114.6,61.21,51,0,10.36,clear sky
68,Mandalgovi,MN,45.7625,106.2708,50.77,75,1,4.65,clear sky
69,Todos Santos,MX,23.45,-110.2167,84.0,78,93,4.05,overcast clouds
70,Pevek,RU,69.7008,170.3133,26.98,81,95,2.26,overcast clouds
71,Borogontsy,RU,62.6683,131.1683,35.46,81,10,3.62,clear sky
72,Castro,BR,-24.7911,-50.0119,74.82,48,58,2.01,broken clouds
73,Nioro,GM,13.35,-15.75,78.55,88,35,6.64,scattered clouds
74,Kenai,US,60.5544,-151.2583,53.69,66,90,16.11,overcast clouds
75,Port Elizabeth,ZA,-33.918,25.5701,53.89,82,40,16.11,light rain
76,Tuatapere,NZ,-46.1333,167.6833,48.7,85,100,4.23,light rain
77,Airai,TL,-8.9266,125.4092,66.06,43,91,4.76,overcast clouds
78,Simpang,ID,-1.2667,104.0833,73.89,96,70,2.91,broken clouds
79,Mar Del Plata,AR,-38.0023,-57.5575,50.02,81,0,8.05,clear sky
80,Muriwai Beach,NZ,-36.8167,174.45,57.76,65,8,9.93,clear sky
81,Dalvik,IS,65.9702,-18.5286,42.73,96,100,4.12,overcast clouds
82,Hilo,US,19.7297,-155.09,82.13,65,75,8.05,light rain
83,Souillac,MU,-20.5167,57.5167,68.38,68,20,13.8,few clouds
84,Rio Grande,BR,-32.035,-52.0986,65.23,99,99,11.97,overcast clouds
85,Ampanihy,MG,-24.7,44.75,63.64,66,0,6.73,clear sky
86,Mutoko,ZW,-17.397,32.2268,54.25,37,0,1.3,clear sky
87,Naze,JP,28.3667,129.4833,77.92,75,0,0.87,clear sky
88,Westport,US,41.1415,-73.3579,71.35,56,1,6.91,clear sky
89,Hamilton,US,39.1834,-84.5333,72.79,88,90,5.75,light rain
90,Nansio,TZ,-2.1333,33.05,75.06,70,5,10.83,clear sky
91,Whitefish,US,48.4111,-114.3376,56.95,62,75,14.97,broken clouds
92,Avarua,CK,-21.2078,-159.775,78.85,73,90,11.5,overcast clouds
93,Barcelos,PT,41.5388,-8.6151,64.54,71,0,6.71,clear sky
94,Punta Arenas,CL,-53.15,-70.9167,51.91,66,75,24.16,broken clouds
95,Ballina,AU,-28.8667,153.5667,68.18,71,58,16.26,light rain
96,Nurlat,RU,54.4277,50.8051,42.66,52,100,9.86,light rain
97,Riberalta,BO,-10.9833,-66.1,88.0,58,41,4.61,scattered clouds
98,Providencia,MX,28.7167,-111.5833,100.45,47,2,13.11,clear sky
99,Shinyanga,TZ,-3.6667,33.4333,75.67,40,10,10.63,clear sky
100,Mazagao,BR,-0.115,-51.2894,87.85,83,99,5.77,overcast clouds
101,Mezen,RU,65.8522,44.24,32.81,90,37,1.7,scattered clouds
102,Tuktoyaktuk,CA,69.4541,-133.0374,41.0,81,90,9.22,overcast clouds
103,Salalah,OM,17.0151,54.0924,80.69,89,75,4.61,broken clouds
104,Alappuzha,IN,9.49,76.3264,79.48,86,66,8.7,broken clouds
105,Marquette,US,46.5333,-87.6335,67.44,85,65,15.73,broken clouds
106,Upernavik,GL,72.7868,-56.1549,26.94,78,97,5.23,overcast clouds
107,Atuona,PF,-9.8,-139.0333,77.94,72,35,19.89,scattered clouds
108,Hasaki,JP,35.7333,140.8333,70.2,63,56,7.54,broken clouds
109,Abu Zabad,SD,12.35,29.25,74.95,77,100,4.45,light rain
110,Hellin,ES,38.5106,-1.701,65.98,74,15,4.92,few clouds
111,Honiara,SB,-9.4333,159.95,85.87,65,8,8.12,clear sky
112,Los Llanos De Aridane,ES,28.6585,-17.9182,71.35,64,90,13.8,overcast clouds
113,Jamestown,US,42.097,-79.2353,76.59,78,20,6.91,few clouds
114,Akdepe,TM,42.0551,59.3788,53.69,21,0,10.65,clear sky
115,Sao Filipe,CV,14.8961,-24.4956,80.19,83,44,3.22,scattered clouds
116,Tasiilaq,GL,65.6145,-37.6368,37.56,73,69,8.99,broken clouds
117,Kodiak,US,57.79,-152.4072,53.49,64,64,17.4,broken clouds
118,Qaanaaq,GL,77.484,-69.3632,13.6,72,88,8.72,overcast clouds
119,Nova Vicosa,BR,-17.8919,-39.3719,73.85,79,16,7.61,few clouds
120,Beringovskiy,RU,63.05,179.3167,42.64,93,100,5.66,light rain
121,Kununurra,AU,-15.7667,128.7333,84.18,42,46,6.91,scattered clouds
122,Bredasdorp,ZA,-34.5322,20.0403,47.52,76,5,6.91,clear sky
123,Dera Bugti,PK,29.0307,69.151,88.7,40,33,0.87,scattered clouds
124,Jasper,US,37.2001,-94.3502,91.45,43,40,14.97,scattered clouds
125,Mali,GN,12.079,-12.2982,67.32,89,32,3.2,scattered clouds
126,Port Alfred,ZA,-33.5906,26.891,56.61,66,20,28.05,light rain
127,Longyearbyen,SJ,78.2186,15.6401,40.84,93,90,2.3,light rain
128,Karratha,AU,-20.7377,116.8463,76.06,25,100,25.72,overcast clouds
129,Cidreira,BR,-30.1811,-50.2056,66.42,98,75,3.83,broken clouds
130,Severo-Kurilsk,RU,50.6789,156.125,49.57,77,38,30.0,light rain
131,Sabha,LY,27.0377,14.4283,82.74,19,0,11.25,clear sky
132,Port Lincoln,AU,-34.7333,135.8667,53.38,62,93,14.81,overcast clouds
133,Namibe,AO,-15.1961,12.1522,62.19,83,9,5.7,clear sky
134,Broome,US,42.2506,-75.833,68.58,63,1,8.05,clear sky
135,Mpulungu,ZM,-8.7623,31.1141,76.91,41,0,6.78,clear sky
136,Georgetown,MY,5.4112,100.3354,76.93,94,20,0.0,few clouds
137,Norman Wells,CA,65.282,-126.8329,57.24,44,75,14.97,broken clouds
138,Bethel,US,41.3712,-73.414,69.91,68,1,4.61,clear sky
139,Takoradi,GH,4.8845,-1.7554,76.28,92,74,8.19,broken clouds
140,Kirya,TZ,-3.9167,37.4833,69.1,77,17,9.13,few clouds
141,New Ross,IE,52.3967,-6.9367,53.15,93,100,4.63,overcast clouds
142,Ivanava,BY,52.1451,25.5365,40.44,93,100,11.74,overcast clouds
143,Chumikan,RU,54.7183,135.315,46.24,57,1,7.85,clear sky
144,Yellowknife,CA,62.456,-114.3525,48.72,76,75,6.91,broken clouds
145,Bambanglipuro,ID,-7.95,110.2833,74.84,88,90,2.19,overcast clouds
146,Nanortalik,GL,60.1432,-45.2371,37.54,70,2,10.96,clear sky
147,Mehamn,NO,71.0357,27.8492,41.68,70,17,18.7,few clouds
148,Laminusa,PH,5.5549,120.9136,80.76,74,100,0.58,overcast clouds
149,Katsuura,JP,35.1333,140.3,71.71,72,74,8.23,broken clouds
150,Guerrero Negro,MX,27.9769,-114.0611,78.76,49,0,12.59,clear sky
151,Bluff,NZ,-46.6,168.3333,48.38,84,100,11.48,light rain
152,Rio Gallegos,AR,-51.6226,-69.2181,53.65,62,75,6.91,broken clouds
153,Labuhan,ID,-6.8844,112.2051,77.81,82,100,5.61,overcast clouds
154,Cape Town,ZA,-33.9258,18.4232,48.61,81,20,5.75,few clouds
155,Tecoanapa,MX,16.5167,-98.75,84.42,69,24,7.38,few clouds
156,Liusha,CN,27.2098,108.59,62.47,91,0,2.75,clear sky
157,Resita,RO,45.3008,21.8892,47.7,93,85,1.57,overcast clouds
158,Tortosa,ES,40.8125,0.5216,63.25,55,83,10.22,light rain
159,Hithadhoo,MV,-0.6,73.0833,83.17,73,83,11.56,broken clouds
160,Niksar,TR,40.5917,36.9517,66.67,57,2,6.51,clear sky
161,Ndele,CF,8.4109,20.6473,70.11,96,84,1.14,broken clouds
162,Jalu,LY,29.0331,21.5482,86.22,21,0,7.49,clear sky
163,Siocon,PH,7.7061,122.1353,78.1,82,93,2.21,overcast clouds
164,Hambantota,LK,6.1241,81.1185,79.79,81,74,14.09,broken clouds
165,Campoverde,PE,-8.4753,-74.8058,89.29,49,54,2.86,broken clouds
166,Antalaha,MG,-14.9003,50.2788,69.4,75,92,7.16,overcast clouds
167,Kaitangata,NZ,-46.2817,169.8464,52.5,69,100,6.11,overcast clouds
168,Jieshou,CN,33.2634,115.3611,68.76,87,0,12.01,clear sky
169,Isangel,VU,-19.55,169.2667,80.71,57,40,11.5,scattered clouds
170,Rumoi,JP,43.9344,141.6428,60.24,61,90,7.45,overcast clouds
171,San Matias,BO,-16.3667,-58.4,92.68,16,0,4.72,clear sky
172,Vestmanna,FO,62.1564,-7.1664,50.92,76,75,27.63,broken clouds
173,Saint Anthony,US,45.0205,-93.218,62.74,85,90,13.8,overcast clouds
174,Bandarbeyla,SO,9.4942,50.8122,77.0,83,85,25.99,overcast clouds
175,Casas Grandes,MX,30.3667,-107.95,72.07,65,69,10.54,broken clouds
176,Sao Joao Da Barra,BR,-21.6403,-41.0511,73.17,86,3,17.2,clear sky
177,Ponta Do Sol,PT,32.6667,-17.1,72.23,81,40,5.03,scattered clouds
178,Kismayo,SO,-0.3582,42.5454,76.73,82,11,15.93,few clouds
179,Manitouwadge,CA,49.1215,-85.8403,70.52,73,30,17.25,scattered clouds
180,Teguldet,RU,57.3064,88.1667,36.07,95,100,7.61,overcast clouds
181,Ilulissat,GL,69.2167,-51.1,28.42,69,20,20.71,few clouds
182,Walvis Bay,NA,-22.9575,14.5053,50.95,87,0,9.22,clear sky
183,Mount Isa,AU,-20.7333,139.5,67.77,19,90,25.32,overcast clouds
184,Nantucket,US,41.2835,-70.0995,62.94,55,1,6.91,clear sky
185,Waitati,NZ,-45.75,170.5667,58.68,56,100,3.42,moderate rain
186,Ariquemes,BR,-9.9133,-63.0408,86.29,45,61,2.42,broken clouds
187,Magadan,RU,59.5667,150.8,46.22,74,63,11.34,broken clouds
188,Ginda,IN,30.6945,78.4932,64.54,93,96,1.36,overcast clouds
189,Sayan,PE,-11.1361,-77.1933,68.81,56,7,3.76,clear sky
190,Husavik,IS,66.0449,-17.3389,42.71,93,100,16.17,overcast clouds
191,Charters Towers,AU,-20.1,146.2667,76.23,37,100,16.51,overcast clouds
192,Verkhovazhye,RU,60.7472,42.0465,30.63,96,80,4.74,broken clouds
193,Sterling,US,39.0062,-77.4286,75.06,60,40,6.91,scattered clouds
194,Kunming,CN,25.0389,102.7183,58.93,94,75,2.24,broken clouds
195,La Orilla,MX,17.9833,-102.2333,83.1,78,46,6.49,scattered clouds
196,Tiksi,RU,71.6872,128.8694,33.84,72,100,5.08,overcast clouds
197,Vanavara,RU,60.34,102.2797,38.1,89,100,12.46,overcast clouds
198,Maldonado,UY,-34.6667,-54.9167,52.99,87,99,17.58,overcast clouds
199,Bambous Virieux,MU,-20.3428,57.7575,68.25,68,20,13.8,few clouds
200,Adrar,MR,20.5022,-10.0711,92.86,23,6,14.5,clear sky
201,Waddan,LY,29.1614,16.139,86.5,20,2,7.54,clear sky
202,Itabira,BR,-19.6192,-43.2269,67.41,79,8,2.71,clear sky
203,Ancud,CL,-41.8697,-73.8203,47.73,80,5,3.96,clear sky
204,A Coruna,ES,43.3713,-8.396,61.52,100,20,2.3,few clouds
205,Gushikawa,JP,26.3544,127.8686,83.43,78,1,0.0,clear sky
206,Fortuna,US,40.5982,-124.1573,70.14,49,1,7.72,clear sky
207,Ribeira Grande,PT,38.5167,-28.7,70.83,72,3,13.15,clear sky
208,Conde,BR,-7.2597,-34.9075,72.86,88,0,5.75,clear sky
209,Provideniya,RU,64.3833,-173.3,33.91,75,90,4.47,rain and snow
210,Leningradskiy,RU,69.3833,178.4167,25.63,82,99,10.78,overcast clouds
211,Zhanaozen,KZ,43.3,52.8,65.95,32,82,13.09,broken clouds
212,Heihe,CN,50.2441,127.4902,39.78,81,100,1.72,overcast clouds
213,Puksoozero,RU,62.5903,40.6066,29.77,95,14,4.7,few clouds
214,Alice Springs,AU,-23.7,133.8833,54.95,41,8,20.71,clear sky
215,Abu Dhabi,AE,24.4667,54.3667,89.62,79,20,4.61,few clouds
216,Hami,CN,42.8,93.45,72.59,30,100,3.74,overcast clouds
217,Cherskiy,RU,68.75,161.3,30.25,60,89,5.93,overcast clouds
218,Acapulco,MX,16.8634,-99.8901,85.82,70,40,8.05,scattered clouds
219,Havre-Saint-Pierre,CA,50.2334,-63.5986,53.96,76,90,5.75,overcast clouds
220,Greensburg,US,40.3015,-79.5389,78.8,73,1,0.0,clear sky
221,Uptar,RU,59.75,150.9167,40.26,73,88,5.99,overcast clouds
222,Ceres,US,37.5949,-120.9577,91.72,14,0,5.41,clear sky
223,Doctor Juan Leon Mallorquin,PY,-25.4,-55.2667,89.33,33,1,0.96,clear sky
224,Alofi,NU,-19.0595,-169.9187,73.29,94,75,5.75,light intensity shower rain
225,Hyeres,FR,43.1167,6.1167,63.25,77,0,2.3,clear sky
226,El Tarra,CO,8.5756,-73.0949,76.64,96,94,2.15,overcast clouds
227,Inta,RU,66.0317,60.1659,35.87,88,100,13.91,overcast clouds
228,Robertson,US,36.5167,-86.8667,75.16,94,90,3.44,light rain
229,Jizan,SA,17.3333,42.6667,88.74,68,33,0.49,scattered clouds
230,Esmeraldas,BR,-19.7625,-44.3139,77.86,51,61,13.73,broken clouds
231,Syriam,MM,16.7722,96.2378,77.11,88,90,3.44,heavy intensity rain
232,Kodinar,IN,20.7903,70.7031,79.0,90,80,10.69,broken clouds
233,Traverse City,US,44.7631,-85.6206,74.14,88,75,8.05,broken clouds
234,Haimen,CN,23.1935,116.6142,82.29,88,12,5.14,few clouds
235,Vestmannaeyjar,IS,63.4427,-20.2734,49.12,73,100,13.98,overcast clouds
236,Egvekinot,RU,66.3167,-179.1667,26.53,60,9,4.41,clear sky
237,Olmos,PE,-5.9847,-79.7453,75.29,54,12,8.86,few clouds
238,Muskogee,US,35.5834,-95.3336,95.54,49,1,11.5,clear sky
239,Vardo,NO,70.3705,31.1107,43.38,74,43,26.35,scattered clouds
240,Zhigansk,RU,66.7697,123.3711,33.28,75,99,6.11,overcast clouds
241,Sekondi,GH,4.937,-1.7128,76.06,92,77,7.16,broken clouds
242,Nouadhibou,MR,20.931,-17.0347,75.18,69,0,20.71,clear sky
243,Rabat,MA,33.9911,-6.8401,67.41,100,40,0.0,scattered clouds
244,Porbandar,IN,21.6422,69.6093,81.03,88,98,14.36,overcast clouds
245,Constitucion,CL,-35.3333,-72.4167,52.41,76,0,12.26,clear sky
246,Sao Felix Do Xingu,BR,-6.6447,-51.995,86.92,30,75,1.45,broken clouds
247,Lazurne,UA,46.084,32.5295,55.62,80,100,3.67,overcast clouds
248,Barabai,ID,-2.5833,115.3833,73.67,95,100,0.29,light rain
249,Darhan,MN,49.4867,105.9228,50.58,86,60,5.66,broken clouds
250,Praya,CV,14.9215,-23.5087,81.14,89,40,13.8,scattered clouds
251,Rundu,NA,-17.9333,19.7667,74.17,27,12,4.97,few clouds
252,West Bay,KY,19.3667,-81.4167,86.07,74,20,11.45,few clouds
253,Sitka,US,57.0531,-135.33,57.09,82,90,14.97,light rain
254,Spornoye,RU,50.8448,37.2913,50.02,86,100,7.43,overcast clouds
255,Santiago Del Estero,AR,-27.7951,-64.2615,70.97,51,100,13.47,overcast clouds
256,Clyde River,CA,70.4692,-68.5914,25.03,86,20,8.05,few clouds
257,Oranjemund,NA,-28.55,16.4333,54.99,79,3,19.93,clear sky
258,Tabuk,PH,17.4189,121.4443,76.89,85,33,3.51,scattered clouds
259,Richards Bay,ZA,-28.783,32.0377,67.24,80,99,15.73,light rain
260,Luanda,AO,-8.8368,13.2343,71.53,88,10,11.32,clear sky
261,Okhotsk,RU,59.3833,143.3,46.99,62,97,7.78,overcast clouds
262,Mahebourg,MU,-20.4081,57.7,68.29,68,20,13.8,few clouds
263,Mwanza,TZ,-2.5167,32.9,73.51,68,12,5.82,few clouds
264,Upington,ZA,-28.4478,21.2561,52.18,46,0,5.75,clear sky
265,Port Stanley,FK,-51.7,-57.85,41.29,72,48,10.56,scattered clouds
266,Borovichi,RU,58.3878,33.9155,40.95,76,100,10.94,overcast clouds
267,Gombong,ID,-7.6072,109.5142,74.03,87,81,1.45,broken clouds
268,Kozhva,RU,65.1073,57.0459,35.24,88,100,6.78,overcast clouds
269,Gornyye Klyuchi,RU,45.25,133.5,54.21,93,100,3.15,moderate rain
270,Ushtobe,KZ,45.2514,77.9838,46.26,35,24,7.83,few clouds
271,Faya,SA,18.3851,42.4509,66.72,30,0,4.07,clear sky
272,Sur,OM,22.5667,59.5289,84.33,67,1,9.51,clear sky
273,Nizwa,OM,22.9333,57.5333,79.7,66,3,0.13,clear sky
274,Smirnykh,RU,49.75,142.8333,54.12,70,58,1.63,broken clouds
275,Broken Hill,AU,-31.95,141.4333,47.91,57,40,21.85,scattered clouds
276,Scottsbluff,US,41.8666,-103.6672,61.03,44,75,12.66,broken clouds
277,Taoudenni,ML,22.6783,-3.9836,98.29,9,2,9.55,clear sky
278,Homer,US,59.6425,-151.5483,53.49,66,90,10.36,overcast clouds
279,Fairbanks,US,64.8378,-147.7164,37.36,60,75,10.36,broken clouds
280,Portland,US,45.5234,-122.6762,73.38,49,20,8.05,few clouds
281,Southern Pines,US,35.174,-79.3923,83.1,56,20,6.91,few clouds
282,Kano,NG,12.0001,8.5167,79.93,53,79,7.34,broken clouds
283,Bani Walid,LY,31.7566,13.9942,78.1,38,0,0.63,clear sky
284,Marawi,PH,7.9986,124.2928,71.87,88,40,1.68,scattered clouds
285,Nelson Bay,AU,-32.7167,152.15,57.25,58,37,16.93,scattered clouds
286,Oda,JP,35.1833,132.5,74.17,78,5,10.8,clear sky
287,Springdale,US,36.1867,-94.1288,91.22,45,1,9.22,clear sky
288,Wiesloch,DE,49.2978,8.7014,56.43,64,100,4.5,overcast clouds
289,Staunton,US,38.1496,-79.0717,70.72,76,40,6.91,scattered clouds
290,Lianran,CN,24.9227,102.485,59.54,95,8,1.99,clear sky
291,Kimbe,PG,-5.5502,150.1429,85.05,66,78,2.55,broken clouds
292,Milledgeville,US,33.0801,-83.2321,78.91,96,100,8.61,overcast clouds
293,Saldanha,ZA,-33.0117,17.9442,44.65,66,0,17.92,clear sky
294,Lerici,IT,44.0759,9.9112,64.11,82,55,3.56,broken clouds
295,Trairi,BR,-3.2778,-39.2689,78.6,79,12,11.36,few clouds
296,Victoria,HK,22.2855,114.1577,85.98,81,34,2.91,scattered clouds
297,Guilin,CN,25.2819,110.2864,71.71,89,13,1.68,few clouds
298,Aasiaat,GL,68.7098,-52.8699,27.41,92,100,8.57,light snow
299,Taltal,CL,-25.4,-70.4833,59.02,80,58,5.48,broken clouds
300,Petropavlovsk-Kamchatskiy,RU,53.0452,158.6483,55.99,47,75,13.42,broken clouds
301,Plaster Rock,CA,46.9065,-67.39,63.12,76,1,4.36,clear sky
302,Nangong,CN,37.3581,115.3744,62.98,92,4,4.81,clear sky
303,Beloha,MG,-25.1667,45.05,63.34,73,0,8.39,clear sky
304,Sampit,ID,-2.5333,112.95,73.89,97,100,1.99,overcast clouds
305,Novobirilyussy,RU,56.9514,90.6661,37.62,86,100,7.85,overcast clouds
306,Mattru,SL,7.6244,-11.8332,73.99,95,99,1.88,overcast clouds
307,Yurginskoye,RU,56.8189,67.3921,34.99,95,99,8.46,overcast clouds
308,La Ronge,CA,55.1001,-105.2842,57.42,50,75,9.22,broken clouds
309,Port Blair,IN,11.6667,92.75,79.3,87,100,7.92,overcast clouds
310,Salisbury,GB,51.0693,-1.7957,57.49,72,42,4.61,scattered clouds
311,Hirara,JP,24.8,125.2833,84.47,89,40,3.44,scattered clouds
312,Mangrol,IN,21.1167,70.1167,80.29,88,82,13.42,broken clouds
313,Stephenville,US,32.2207,-98.2023,100.49,24,1,4.61,clear sky
314,Muros,ES,42.7762,-9.0603,59.5,78,1,14.52,clear sky
315,Saint-Francois,FR,46.4154,3.9054,54.84,100,57,3.44,mist
316,Mount Gambier,AU,-37.8333,140.7667,50.45,61,90,11.05,overcast clouds
317,Dingle,PH,10.9995,122.6711,76.73,92,84,1.39,broken clouds
318,Torbay,CA,47.6666,-52.7314,45.37,70,90,14.97,overcast clouds
319,Opuwo,NA,-18.0607,13.84,71.33,20,2,4.65,clear sky
320,Miri,MY,4.4148,114.0089,73.54,100,40,4.61,light rain
321,Atambua,ID,-9.1061,124.8925,75.2,63,79,4.45,broken clouds
322,Amahai,ID,-3.3333,128.9167,78.4,85,99,3.44,overcast clouds
323,Tinqueux,FR,49.25,3.9833,57.22,82,0,10.36,clear sky
324,Pimentel,PE,-6.8367,-79.9342,64.69,72,0,19.57,clear sky
325,Hofn,IS,64.2539,-15.2082,50.79,67,82,10.54,broken clouds
326,Padang,ID,-0.9492,100.3543,73.45,88,72,3.71,broken clouds
327,Chajul,GT,15.4853,-91.0342,75.24,88,97,4.61,overcast clouds
328,Kultuk,RU,51.7208,103.6956,42.17,92,100,5.68,overcast clouds
329,Acari,PE,-15.4311,-74.6158,63.97,78,78,5.08,broken clouds
330,Strezhevoy,RU,60.7333,77.5889,33.78,79,100,11.45,overcast clouds
331,Esperance,AU,-33.8667,121.9,47.77,81,10,13.22,clear sky
332,Narsaq,GL,60.9167,-46.05,37.62,63,1,4.38,clear sky
333,Lakatoro,VU,-16.0999,167.4164,78.17,67,45,9.82,scattered clouds
334,Cabra,ES,37.4725,-4.4421,65.5,37,0,3.02,clear sky
335,Coihaique,CL,-45.5752,-72.0662,43.68,84,2,5.46,clear sky
336,Karatuzskoye,RU,53.6072,92.8667,39.16,80,98,5.1,overcast clouds
337,Kamenka,RU,51.3223,42.7678,48.42,82,99,11.48,overcast clouds
338,Camacha,PT,33.0833,-16.3333,69.22,64,40,11.5,scattered clouds
339,Aljezur,PT,37.3191,-8.8033,66.63,73,0,7.72,clear sky
340,Dutse,NG,11.7594,9.3392,79.57,58,49,7.63,scattered clouds
341,Emerald,AU,-23.5333,148.1667,78.94,14,19,17.27,few clouds
342,Folldal,NO,62.1325,9.9968,38.93,92,100,8.7,overcast clouds
343,Daokou,CN,35.5639,114.5058,64.67,78,1,7.9,light rain
344,Goderich,CA,43.7501,-81.7165,75.52,64,100,11.5,overcast clouds
345,Kahului,US,20.8947,-156.47,87.82,42,40,23.02,scattered clouds
346,Capoterra,IT,39.1763,8.9718,65.61,82,0,5.75,clear sky
347,Saint-Pierre,RE,-21.3393,55.4781,65.88,68,20,9.22,light rain
348,Ormond Beach,US,29.2858,-81.0559,78.94,94,40,0.0,mist
349,Vila Velha,BR,-20.3297,-40.2925,75.15,83,40,6.91,scattered clouds
350,Puteyets,RU,65.1716,57.091,35.44,88,100,7.05,overcast clouds
351,Iqaluit,CA,63.7506,-68.5145,31.73,69,90,10.36,overcast clouds
352,Winnemucca,US,40.973,-117.7357,69.85,21,1,9.22,clear sky
353,Krasnyy Kholm,RU,58.0607,37.1203,39.33,72,100,13.13,overcast clouds
354,Ozark,US,37.0209,-93.206,89.85,37,3,11.07,clear sky
355,Smolensk,RU,55.0,33.0,42.28,96,100,10.67,light rain
356,Kavaratti,IN,10.5669,72.642,81.36,79,99,11.72,overcast clouds
357,Severnyy,RU,50.677,36.5532,50.04,93,75,6.71,broken clouds
358,Lyaskelya,RU,61.7667,31.0167,37.02,84,100,7.96,overcast clouds
359,Plainview,US,40.7765,-73.4673,71.69,60,1,6.91,clear sky
360,Acajutla,SV,13.5928,-89.8275,95.34,78,74,5.68,broken clouds
361,Moose Factory,CA,51.2585,-80.6094,80.6,57,1,13.8,clear sky
362,Macau,MO,22.2006,113.5461,85.73,84,40,4.61,scattered clouds
363,Tomatlan,MX,19.9333,-105.25,83.95,72,100,4.47,overcast clouds
364,Carutapera,BR,-1.195,-46.02,78.6,76,15,8.34,few clouds
365,Numan,NG,9.4667,12.0333,71.89,95,100,3.87,moderate rain
366,Belmonte,BR,-15.8631,-38.8828,75.7,86,64,6.44,broken clouds
367,Itaituba,BR,-4.2761,-55.9836,79.99,66,98,2.3,overcast clouds
368,Lai,TD,9.3952,16.2989,72.82,91,100,3.98,light rain
369,Sasolburg,ZA,-26.8136,27.817,54.05,24,0,7.38,clear sky
370,Chifeng,CN,42.2683,118.9636,53.74,90,100,20.54,light rain
371,Chadiza,ZM,-14.0678,32.4392,62.78,30,0,4.14,clear sky
372,Klaksvik,FO,62.2266,-6.589,52.72,79,70,36.33,broken clouds
373,Mission,US,26.2159,-98.3253,94.84,49,1,18.41,clear sky
374,Weligama,LK,5.9667,80.4167,77.83,88,83,7.92,broken clouds
375,Grindavik,IS,63.8424,-22.4338,44.55,93,0,2.3,clear sky
376,Bosaso,SO,11.2842,49.1816,88.93,57,3,9.22,clear sky
377,Comodoro Rivadavia,AR,-45.8667,-67.5,57.06,28,0,6.91,clear sky
378,Maxixe,MZ,-23.8597,35.3472,66.07,79,3,8.14,clear sky
379,Xinzhi,CN,36.4989,111.7047,64.85,64,0,2.33,clear sky
380,Bilibino,RU,68.0546,166.4372,23.18,73,74,4.76,broken clouds
381,Mayo,US,38.8876,-76.5119,75.15,60,20,14.97,few clouds
382,Andros Town,BS,24.7,-77.7667,84.16,64,12,10.87,few clouds
383,Sibolga,ID,1.7427,98.7792,75.51,83,99,3.42,overcast clouds
384,Pauini,BR,-7.7136,-66.9764,78.28,74,60,1.21,broken clouds
385,Cururupu,BR,-1.8283,-44.8683,76.03,87,27,4.12,scattered clouds
386,Ulaanbaatar,MN,47.9077,106.8832,37.53,93,4,2.24,fog
387,Troitskoye,RU,52.9821,84.6757,38.57,79,100,11.03,overcast clouds
388,Chimore,BO,-16.9833,-65.1333,83.79,49,72,3.0,broken clouds
389,Praia,CV,14.9215,-23.5087,81.14,89,40,13.8,scattered clouds
390,Krasnoselkup,RU,65.7,82.4667,29.89,91,97,15.52,overcast clouds
391,Phaltan,IN,17.9833,74.4333,73.02,85,100,5.7,heavy intensity rain
392,Eldorado,BR,-23.7869,-54.2836,86.94,20,0,5.82,clear sky
393,Tucuman,AR,-26.8241,-65.2226,69.8,56,90,6.91,overcast clouds
394,Baruun-Urt,MN,46.6806,113.2792,51.4,86,100,3.83,overcast clouds
395,Saint-Joseph,RE,-21.3667,55.6167,64.78,79,88,13.27,light rain
396,Huarmey,PE,-10.0681,-78.1522,63.48,79,7,10.16,clear sky
397,El Alto,PE,-4.2714,-81.2147,64.06,79,20,20.24,few clouds
398,Oga,IT,46.4631,10.347,48.88,93,98,2.77,overcast clouds
399,Liwale,TZ,-9.7667,37.9333,64.11,90,0,3.42,clear sky
400,Nushki,PK,29.5542,66.0215,73.04,15,0,2.42,clear sky
401,Tura,IN,25.5198,90.2201,70.66,98,40,4.18,scattered clouds
402,Fatehabad,IN,29.5167,75.45,81.5,76,3,6.82,clear sky
403,Presov,SK,49.1667,21.25,43.95,86,99,3.29,overcast clouds
404,Christchurch,NZ,-43.5333,172.6333,68.2,42,92,16.11,overcast clouds
405,Myitkyina,MM,25.3833,97.4,74.41,96,92,1.25,overcast clouds
406,Dukat,RU,62.55,155.55,37.36,98,100,7.02,overcast clouds
407,Kalmunai,LK,7.4167,81.8167,79.18,85,86,7.67,overcast clouds
408,Houma,US,29.5958,-90.7195,89.6,74,40,11.5,scattered clouds
409,Sechura,PE,-5.5569,-80.8222,68.86,67,13,18.86,few clouds
410,Cabo San Lucas,MX,22.8909,-109.9124,84.51,78,75,10.36,broken clouds
411,Asau,RO,46.4333,26.4,45.52,93,100,1.77,overcast clouds
412,Seybaplaya,MX,19.65,-90.6667,90.86,76,71,14.05,broken clouds
413,Tromso,NO,69.6496,18.957,44.62,57,0,10.36,clear sky
414,Tazovskiy,RU,67.4667,78.7,33.42,75,100,13.8,overcast clouds
415,Key Largo,US,25.0865,-80.4473,82.4,71,42,6.76,scattered clouds
416,Lavrentiya,RU,65.5833,-171.0,35.69,62,13,7.65,few clouds
417,Cayenne,GF,4.9333,-52.3333,78.84,89,0,0.0,clear sky
418,Sa Kaeo,TH,13.75,102.3333,73.67,95,100,2.19,overcast clouds
419,Sainthia,IN,23.95,87.6667,74.86,96,61,5.5,broken clouds
420,Nome,US,64.5011,-165.4064,37.47,60,90,17.27,overcast clouds
421,Chokurdakh,RU,70.6333,147.9167,28.85,69,97,9.1,overcast clouds
422,Mpongwe,ZM,-13.5091,28.155,64.13,38,0,5.91,clear sky
423,Miloslavskoye,RU,53.5815,39.4399,45.25,93,100,13.13,overcast clouds
424,Svetlaya,RU,46.5389,138.3297,59.86,52,100,4.81,heavy intensity rain
425,Blairmore,CA,49.6,-114.4353,58.12,41,36,8.05,scattered clouds
426,Benicarlo,ES,40.4165,0.4271,67.53,52,88,16.08,overcast clouds
427,Kalmar,SE,56.6616,16.3616,40.93,100,100,5.75,overcast clouds
428,Matamoros,MX,25.5333,-103.25,96.91,19,40,4.61,scattered clouds
429,Bundaberg,AU,-24.85,152.35,75.49,46,90,10.36,overcast clouds
430,Ahuimanu,US,21.4447,-157.8378,89.31,53,20,12.66,few clouds
431,Linhai,CN,28.85,121.1167,76.14,94,21,1.72,few clouds
432,Kapit,MY,2.0167,112.9333,72.75,100,100,1.45,overcast clouds
433,Lazaro Cardenas,MX,17.9583,-102.2,83.43,77,42,6.38,scattered clouds
434,San Cristobal,VE,7.7669,-72.225,77.18,93,91,3.29,overcast clouds
435,Ust-Kut,RU,56.7938,105.7672,44.96,92,100,11.95,light rain
436,Hwange,ZW,-18.3693,26.5019,71.8,39,0,2.13,clear sky
437,Aberdeen,GB,57.1437,-2.0981,55.89,76,75,4.61,broken clouds
438,Cockburn Town,TC,21.4612,-71.1419,83.14,77,87,18.84,overcast clouds
439,Sisimiut,GL,66.9395,-53.6735,32.4,89,99,4.47,light snow
440,Ulverstone,AU,-41.15,146.1667,48.31,59,47,11.92,scattered clouds
441,Xuanzhou,CN,30.9525,118.7553,69.66,89,0,3.94,clear sky
442,Kodinsk,RU,58.6881,99.1844,33.6,97,31,4.83,scattered clouds
443,Hit,IQ,33.6416,42.8251,82.49,28,0,11.72,clear sky
444,Ambatofinandrahana,MG,-20.55,46.8,57.07,77,91,2.51,overcast clouds
445,Kiama,AU,-34.6833,150.8667,56.68,53,99,16.22,overcast clouds
446,Caceres,ES,39.522,-6.3748,66.85,41,0,9.75,clear sky
447,Togur,RU,58.3631,82.8265,37.45,97,100,10.07,light rain
448,Arman,RU,59.7,150.1667,44.11,71,75,11.36,broken clouds
449,Anadyr,RU,64.75,177.4833,34.3,100,75,11.18,fog
450,Deputatskiy,RU,69.3,139.9,22.8,78,55,3.44,broken clouds
451,Kozmodemyansk,RU,56.3367,46.5711,40.03,64,100,9.6,light rain
452,Nizhniy Mamon,RU,50.1937,40.5083,57.96,64,93,5.01,overcast clouds
453,Tatishchevo,RU,51.6703,45.5953,45.97,81,95,15.5,overcast clouds
454,Glebychevo,RU,60.4387,28.7183,44.08,71,100,12.24,overcast clouds
455,Wahiawa,US,21.5028,-158.0236,86.32,54,1,14.97,clear sky
456,Tsiroanomandidy,MG,-18.7667,46.0333,67.12,59,96,4.16,overcast clouds
457,Muhos,FI,64.808,25.9931,33.58,89,52,4.16,broken clouds
458,Flin Flon,CA,54.7682,-101.865,58.84,41,40,9.22,scattered clouds
459,Flinders,AU,-34.5833,150.8552,56.48,52,99,13.62,overcast clouds
460,Kudahuvadhoo,MV,2.6708,72.8944,82.29,76,43,12.53,scattered clouds
461,Vila Franca Do Campo,PT,37.7167,-25.4333,68.41,85,16,9.91,few clouds
462,Amuntai,ID,-2.4177,115.2494,73.45,97,100,1.25,overcast clouds
463,Uttarkashi,IN,30.7333,78.45,71.31,93,99,0.89,overcast clouds
464,Vung Tau,VN,10.346,107.0843,78.89,84,100,4.97,overcast clouds
465,Shingu,JP,33.7333,135.9833,76.19,84,94,10.25,overcast clouds
466,Baijiantan,CN,45.6333,85.1833,57.58,23,5,3.6,clear sky
467,La Asuncion,VE,11.0333,-63.8628,85.73,66,58,12.66,broken clouds
468,Cravo Norte,CO,6.3017,-70.2041,77.99,86,100,4.94,moderate rain
469,Namatanai,PG,-3.6667,152.4333,82.83,70,90,3.98,overcast clouds
470,Korla,CN,41.7597,86.1469,72.9,21,65,10.92,broken clouds
471,Imphal,IN,24.8167,93.95,66.9,98,73,1.86,broken clouds
472,Netrakona,BD,24.8833,90.7167,75.9,93,80,5.59,broken clouds
473,Kamina,CD,-8.7386,24.9906,70.23,31,0,1.57,clear sky
474,Encsencs,HU,47.7333,22.1167,49.42,72,88,7.0,overcast clouds
475,Baisha,CN,26.5222,110.9311,71.51,91,1,1.97,clear sky
476,Pouebo,NC,-20.4,164.5667,73.56,58,51,11.27,broken clouds
477,Kawambwa,ZM,-9.7915,29.0791,68.88,27,0,5.06,clear sky
478,Bibiani,GH,6.4635,-2.3194,71.31,99,54,2.21,broken clouds
479,Ahipara,NZ,-35.1667,173.1667,61.05,64,13,7.65,few clouds
480,Yar-Sale,RU,66.8333,70.8333,36.18,98,100,12.01,light rain
481,Mehriz,IR,31.5917,54.4318,75.7,15,18,1.74,few clouds
482,Maniitsoq,GL,65.4167,-52.9,33.4,63,67,7.56,broken clouds
483,Ust-Nera,RU,64.5667,143.2,31.42,70,31,5.99,scattered clouds
484,San Juan,AR,-31.5375,-68.5364,58.62,34,0,14.41,clear sky
485,Matara,LK,5.9485,80.5353,77.58,88,81,7.87,broken clouds
486,Kavieng,PG,-2.5744,150.7967,82.83,71,100,6.33,overcast clouds
487,Akdagmadeni,TR,39.6603,35.8836,60.82,49,9,5.39,clear sky
488,Tual,ID,-5.6667,132.75,80.73,79,100,14.14,overcast clouds
489,Benjamin Constant,BR,-4.3831,-70.0311,84.33,70,75,2.3,broken clouds
490,Chaozhou,CN,23.6651,116.6379,82.26,89,9,1.36,clear sky
491,Omsukchan,RU,62.5333,155.8,39.33,96,100,7.14,overcast clouds
492,Ucluelet,CA,48.9329,-125.5528,55.71,88,100,5.77,overcast clouds
493,Mendoza,AR,-32.8908,-68.8272,60.33,44,0,8.05,clear sky
494,Jati,PK,24.3539,68.2671,82.13,80,3,16.8,clear sky
495,Rawson,AR,-43.3002,-65.1023,55.54,47,1,6.89,clear sky
496,Puro,PH,12.4841,123.3827,79.38,84,80,4.56,broken clouds
497,Cabinda,AO,-5.55,12.2,75.04,88,31,6.76,scattered clouds
498,Parrita,CR,9.5201,-84.3225,84.81,80,98,3.76,overcast clouds
499,Malino,PH,15.1257,120.6727,80.38,87,97,1.23,overcast clouds
500,Prien,US,30.1819,-93.2738,87.82,63,1,8.05,clear sky
501,Mareeba,AU,-17.0,145.4333,72.32,44,92,3.04,overcast clouds
502,Port Hardy,CA,50.6996,-127.4199,57.38,88,75,10.36,broken clouds
503,Veraval,IN,20.9,70.3667,80.19,88,76,13.09,broken clouds
504,Saint George,US,37.1041,-113.5841,88.27,14,1,0.0,clear sky
505,Inhambane,MZ,-23.865,35.3833,67.42,77,3,9.71,clear sky
506,Valea Ierii,RO,46.65,23.35,39.87,85,26,4.76,scattered clouds
507,San Patricio,US,28.017,-97.5169,93.92,52,0,13.8,clear sky
508,Griffith,US,41.5284,-87.4237,82.33,76,1,9.22,clear sky
509,Ilhabela,BR,-23.7781,-45.3581,71.76,93,10,7.29,clear sky
510,Pacific Grove,US,36.6177,-121.9166,91.6,29,1,6.91,clear sky
511,Dicabisagan,PH,17.0818,122.4157,80.69,81,97,1.92,overcast clouds
512,Pangnirtung,CA,66.1451,-65.7125,32.0,68,82,3.15,broken clouds
513,Talaya,RU,61.3833,152.75,30.6,91,99,6.38,overcast clouds
514,Khandyga,RU,62.6667,135.6,35.98,95,100,1.03,overcast clouds
515,Aklavik,CA,68.2191,-135.0107,52.52,74,100,16.49,overcast clouds
516,Kadaya,RU,50.9327,119.2911,46.76,83,100,3.67,overcast clouds
517,San Julian,MX,21.0167,-102.1667,70.83,60,68,2.06,broken clouds
518,Vigrestad,NO,58.5667,5.7,55.08,82,100,15.73,overcast clouds
519,Buraydah,SA,26.326,43.975,81.05,16,0,5.53,clear sky
520,Necochea,AR,-38.5473,-58.7368,48.04,78,0,12.71,clear sky
521,Verkhoyansk,RU,67.5447,133.385,35.2,74,67,3.44,broken clouds
522,Tautira,PF,-17.7333,-149.15,84.22,74,14,13.27,few clouds
523,Santa Luzia,BR,-19.7697,-43.8514,77.9,57,0,6.91,clear sky
524,Poya,NC,-21.35,165.15,75.0,51,64,6.06,broken clouds
525,Kerema,PG,-7.9631,145.7785,79.7,82,99,4.12,light rain
526,Powell River,CA,49.8496,-124.5361,57.47,94,90,8.05,mist
527,Gat,IL,31.61,34.7642,75.88,71,0,5.23,clear sky
528,Aranos,NA,-24.1333,19.1167,54.05,29,0,12.3,clear sky
529,Pong,TH,19.1493,100.2752,72.39,99,100,0.94,overcast clouds
530,Ust-Ilimsk,RU,58.0006,102.6619,37.67,90,100,7.9,overcast clouds
531,Antofagasta,CL,-23.65,-70.4,58.28,82,100,6.04,overcast clouds
532,Sioux Lookout,CA,50.1001,-91.917,52.18,93,90,11.5,overcast clouds
533,Liseleje,DK,56.0053,11.9483,49.82,54,100,3.24,overcast clouds
534,Gwadar,PK,25.1216,62.3254,80.22,87,2,12.19,clear sky
535,Kizhinga,RU,51.8462,109.9097,47.73,94,0,2.68,clear sky
536,Ipil,PH,7.75,122.5167,75.7,84,100,0.72,overcast clouds
537,Morro Bay,US,35.3658,-120.8499,94.08,50,0,4.76,clear sky
538,Ville-Marie,CA,47.3335,-79.433,68.0,54,92,6.64,overcast clouds
539,Jabinyanah,TN,35.035,10.9081,80.4,66,100,16.08,overcast clouds
540,Hastings,GB,50.8552,0.5729,57.58,79,66,8.61,broken clouds
541,Craig,US,40.5153,-107.5464,60.75,25,1,19.57,clear sky
542,Lagoa,PT,39.05,-27.9833,69.96,68,5,10.67,clear sky
543,Nemuro,JP,43.3236,145.575,60.64,85,47,13.6,scattered clouds
544,Binzhou,CN,37.3667,118.0167,62.51,91,5,4.29,clear sky
545,Harper,LR,4.375,-7.7169,77.07,86,37,6.55,light rain
546,Segou,ML,13.4317,-6.2157,83.39,57,49,7.23,scattered clouds
547,Olafsvik,IS,64.8945,-23.7142,44.87,71,96,3.29,overcast clouds
548,Mahibadhoo,MV,3.7833,72.9667,82.49,75,17,11.92,few clouds
549,Mahendragarh,IN,28.2833,76.15,80.96,81,76,7.25,broken clouds
550,Puerto Escondido,MX,15.85,-97.0667,85.03,58,75,0.0,broken clouds
551,Mogok,MM,22.9167,96.5,63.41,97,96,2.33,overcast clouds
552,Sorland,NO,67.667,12.6934,46.92,83,100,23.02,light rain
553,Samarai,PG,-10.6167,150.6667,77.59,89,100,13.51,overcast clouds
554,Aksu,CN,41.1231,80.2644,68.83,29,1,1.28,clear sky
555,Beira,MZ,-19.8436,34.8389,66.81,76,0,8.08,clear sky
556,Saint-Denis,FR,48.9167,2.3333,60.39,92,20,5.75,mist
557,Yerbogachen,RU,61.2767,108.0108,45.16,92,100,4.94,overcast clouds
558,Bathsheba,BB,13.2167,-59.5167,83.01,74,40,11.5,scattered clouds
559,San Rafael,AR,-34.6177,-68.3301,59.07,27,7,8.52,clear sky
560,Lata,PT,40.1629,-8.3327,57.61,58,0,7.0,clear sky
561,Adilabad,IN,19.6667,78.5333,75.13,94,100,2.44,overcast clouds
562,Dauphin,CA,51.1494,-100.0502,62.74,42,20,17.27,few clouds
563,Along,IN,28.1667,94.7667,70.74,97,20,1.81,few clouds
564,Mocuba,MZ,-16.8392,36.9856,65.37,68,1,3.11,clear sky
565,Lasa,IT,46.6166,10.7002,56.28,94,98,1.97,overcast clouds
566,Port-Cartier,CA,50.0334,-66.8654,52.02,81,6,2.77,clear sky
567,Lienz,AT,46.8289,12.769,49.51,90,100,3.13,overcast clouds
568,Santa Cruz,BO,-17.8,-63.1667,87.85,51,75,9.22,broken clouds
569,Grenada,ES,37.1882,-3.6067,61.16,72,0,0.0,clear sky
570,Honningsvag,NO,70.9821,25.9704,43.52,71,11,32.21,few clouds
571,Corato,IT,41.1455,16.4139,69.33,62,100,5.3,overcast clouds
572,Srednekolymsk,RU,67.45,153.6833,31.87,64,95,15.57,overcast clouds
573,Kargasok,RU,59.0556,80.8572,36.99,97,100,14.07,overcast clouds
574,Nuevo Progreso,MX,23.1667,-97.95,88.14,63,29,15.84,scattered clouds
575,Morondava,MG,-20.2833,44.2833,71.76,76,12,5.14,few clouds
576,Berezovka,BY,53.7214,25.4993,39.13,98,100,8.97,overcast clouds
577,Nakhon Phanom,TH,17.3333,104.4167,72.34,95,100,4.76,overcast clouds
